PC,Pearson_r,p_value,Variance_explained
PC1,0.37096830668526887,1.3565890517424774e-48,49.99999999999997
PC2,-0.8873574118251781,0.0,29.495917892454955
PC3,-0.16424478494863787,3.054658412865834e-10,7.258200490200848
PC4,-0.07212118404097062,0.00597044258941514,4.349618270478111
PC5,0.024915043689098887,0.34276288455295767,3.0369132240256373
PC6,0.019998164887940238,0.4463869634420025,1.671466136838053
