{
  "dataset": {
    "path": "G:\\LPI\\combined_6.5_7_7.5 (1).csv",
    "n_samples": 1452,
    "n_features": 24,
    "n_groups": 484,
    "group_col": "BoreholeID",
    "features": [
      "FC_3",
      "FC_6",
      "FC_9",
      "FC_12",
      "FC_15",
      "FC_18",
      "M_3",
      "M_6",
      "M_9",
      "M_12",
      "M_15",
      "M_18",
      "N_3",
      "N_6",
      "N_9",
      "N_12",
      "N_15",
      "N_18",
      "amax_3",
      "amax_6",
      "amax_9",
      "amax_12",
      "amax_15",
      "amax_18"
    ],
    "target": "lpi",
    "target_stats": {
      "mean": 33.46606002066116,
      "std": 16.998300521310565,
      "min": 0.0,
      "max": 60.96195
    }
  },
  "pca": {
    "variance_threshold": 0.95,
    "n_comp_85": 3,
    "n_comp_90": 4,
    "n_comp_95": 6,
    "n_components_full_data_at_threshold": 6,
    "explained_variance_per_pc": [
      0.5,
      0.29495917892454926,
      0.07258200490200864,
      0.0434961827047809,
      0.030369132240256475,
      0.016714661368380512
    ],
    "cumulative_at_n": 0.9581211601399758
  },
  "cv": {
    "type": "GroupKFold",
    "n_splits": 10,
    "group_col": "BoreholeID"
  },
  "model_results": {
    "Linear Regression": {
      "R2_mean": 0.9559446480532259,
      "R2_std": 0.022414667434196376,
      "RMSE_mean": 3.4716095130321447,
      "RMSE_std": 0.8687981489720044,
      "MAE_mean": 2.3635126336057097,
      "MAE_std": 0.19664089026604858,
      "MSE_mean": 12.806882834632466,
      "MSE_std": 7.148322300258109,
      "Train_R2_mean": 0.9583623326521142,
      "Train_R2_std": 0.00218931989903426,
      "r2_scores_all": [
        0.9635737898023576,
        0.9677821431722116,
        0.9655908144546058,
        0.9726476990168292,
        0.9671845006281999,
        0.96802300847599,
        0.9058751460402491,
        0.9658253065888943,
        0.9655353497387472,
        0.9174087226141753
      ],
      "rmse_scores_all": [
        3.2014774511499478,
        2.880031721904604,
        3.1745188702319935,
        2.8747560524616445,
        2.8730848075071647,
        3.0465517903849606,
        5.39553984762463,
        3.099364497650483,
        3.205541668798027,
        4.965228422607992
      ]
    },
    "Ridge (a=1.0)": {
      "R2_mean": 0.9559459262755199,
      "R2_std": 0.02239633728764261,
      "RMSE_mean": 3.471679964643954,
      "RMSE_std": 0.868217743626532,
      "MAE_mean": 2.363903427080243,
      "MAE_std": 0.1966308734051182,
      "MSE_mean": 12.806363827258195,
      "MSE_std": 7.142791297113982,
      "Train_R2_mean": 0.9583623126532658,
      "Train_R2_std": 0.0021893199997846204,
      "r2_scores_all": [
        0.9635575266785731,
        0.9677768805964793,
        0.965583070026981,
        0.9726371064789665,
        0.9671795022108625,
        0.9680150972091193,
        0.9059215257276371,
        0.9658211235210018,
        0.9655300441310263,
        0.9174373861745515
      ],
      "rmse_scores_all": [
        3.2021920494247533,
        2.8802669294520165,
        3.174876092410924,
        2.875312642102629,
        2.8733036115840895,
        3.0469286331168948,
        5.394210367284777,
        3.099554176827016,
        3.2057883954006003,
        4.964366748835841
      ]
    },
    "Lasso (a=0.1)": {
      "R2_mean": 0.955821501318901,
      "R2_std": 0.02208326522546146,
      "RMSE_mean": 3.4790398230627395,
      "RMSE_std": 0.857431900375935,
      "MAE_mean": 2.3918034436628504,
      "MAE_std": 0.19682384463943278,
      "MSE_mean": 12.838907554238707,
      "MSE_std": 7.048974021866766,
      "Train_R2_mean": 0.9581679162971748,
      "Train_R2_std": 0.0021899235567453823,
      "r2_scores_all": [
        0.9628194419151379,
        0.9673931580650804,
        0.9647587049868342,
        0.9722585077942762,
        0.9670801876819995,
        0.9682271761852455,
        0.9065878155691374,
        0.9655749964468582,
        0.9657204626688984,
        0.9177945618755423
      ],
      "rmse_scores_all": [
        3.2344571708221537,
        2.8973657152282493,
        3.212673906628016,
        2.8951360193799887,
        2.877647623175617,
        3.036810355902131,
        5.375074779416344,
        3.1106943281713964,
        3.1969214428796264,
        4.953616889023876
      ]
    },
    "ElasticNet": {
      "R2_mean": 0.95585048458529,
      "R2_std": 0.02106649192693178,
      "RMSE_mean": 3.4845509784494544,
      "RMSE_std": 0.8247878025984422,
      "MAE_mean": 2.405471350331873,
      "MAE_std": 0.19549317549425346,
      "MSE_mean": 12.822370440728221,
      "MSE_std": 6.743041709365898,
      "Train_R2_mean": 0.9581569063607922,
      "Train_R2_std": 0.0021922451051887303,
      "r2_scores_all": [
        0.9620374077777673,
        0.9671412205632292,
        0.9646179376549413,
        0.9716742860016209,
        0.9666926202421946,
        0.9674285484969545,
        0.9091145986161914,
        0.9653337031376914,
        0.9651261607359429,
        0.9193383626263657
      ],
      "rmse_scores_all": [
        3.268296001472953,
        2.9085374579431202,
        3.2190838417453453,
        2.9254622375722708,
        2.8945374389020118,
        3.074739455773941,
        5.301878992320165,
        3.121577101931345,
        3.224514762277055,
        4.906882494556343
      ]
    },
    "Random Forest": {
      "R2_mean": 0.9896439351564817,
      "R2_std": 0.00319747844510484,
      "RMSE_mean": 1.6972433832863092,
      "RMSE_std": 0.25208631317522395,
      "MAE_mean": 1.161173273235545,
      "MAE_std": 0.1395705876602691,
      "MSE_mean": 2.9441826113994347,
      "MSE_std": 0.8843023727066928,
      "Train_R2_mean": 0.9986865300305412,
      "Train_R2_std": 3.6478564837006945e-05,
      "r2_scores_all": [
        0.990360876976309,
        0.9890107338975288,
        0.9849089320953063,
        0.9939978530138255,
        0.9889090073844039,
        0.988936494144694,
        0.9902985556820598,
        0.9838102835197811,
        0.992597463621993,
        0.9936091512289174
      ],
      "rmse_scores_all": [
        1.6468809813950018,
        1.6820282771688493,
        2.1023291063137437,
        1.3466581907485538,
        1.6702987071149564,
        1.7919923424482584,
        1.7322116067028885,
        2.1332411967856375,
        1.485609828431265,
        1.381183595753938
      ]
    },
    "Gradient Boosting": {
      "R2_mean": 0.9899712380508514,
      "R2_std": 0.002563717077030657,
      "RMSE_mean": 1.6769708334602427,
      "RMSE_std": 0.20004833389880972,
      "MAE_mean": 1.1776006733581417,
      "MAE_std": 0.11406472728756686,
      "MSE_mean": 2.8522505121720316,
      "MSE_std": 0.6995576352079528,
      "Train_R2_mean": 0.9977358094950015,
      "Train_R2_std": 8.358827805727504e-05,
      "r2_scores_all": [
        0.9885950027673213,
        0.9876653326272793,
        0.9845720968219694,
        0.9927894111886765,
        0.9900701387699505,
        0.9891938080655298,
        0.9917684404847481,
        0.9895620919399237,
        0.9917505941251348,
        0.9937454637179818
      ],
      "rmse_scores_all": [
        1.7913937091109275,
        1.7820203897177977,
        2.1256618039077537,
        1.476010438200872,
        1.5804491473710984,
        1.7710307547833282,
        1.5955991925303727,
        1.7128805346775717,
        1.5682880187577068,
        1.3663743455449993
      ]
    },
    "SVR (RBF)": {
      "R2_mean": 0.9945761789510174,
      "R2_std": 0.0009616900539649195,
      "RMSE_mean": 1.2404189889265673,
      "RMSE_std": 0.12256762547017207,
      "MAE_mean": 0.8562713336169783,
      "MAE_std": 0.04386101403053743,
      "MSE_mean": 1.5536620909030043,
      "MSE_std": 0.31223348080074076,
      "Train_R2_mean": 0.9962243006451317,
      "Train_R2_std": 0.00010736426982434692,